{
  "id": "4f7359b0-43b5-456e-a171-bbc9d62e874c",
  "prevId": "63f50552-9b89-46c8-817d-88fea5770200",
  "version": "5",
  "dialect": "pg",
  "tables": {
    "urban_wheels_user": {
      "name": "urban_wheels_user",
      "schema": "",
      "columns": {
        "id": {
          "name": "id",
          "type": "text",
          "primaryKey": true,
          "notNull": true
        },
        "name": {
          "name": "name",
          "type": "text",
          "primaryKey": false,
          "notNull": false
        },
        "email": {
          "name": "email",
          "type": "text",
          "primaryKey": false,
          "notNull": true
        },
        "image": {
          "name": "image",
          "type": "text",
          "primaryKey": false,
          "notNull": false
        }
      },
      "indexes": {},
      "foreignKeys": {},
      "compositePrimaryKeys": {},
      "uniqueConstraints": {}
    },
    "urban_wheels_cars": {
      "name": "urban_wheels_cars",
      "schema": "",
      "columns": {
        "id": {
          "name": "id",
          "type": "uuid",
          "primaryKey": true,
          "notNull": true,
          "default": "gen_random_uuid()"
        },
        "slug": {
          "name": "slug",
          "type": "text",
          "primaryKey": false,
          "notNull": true
        },
        "name": {
          "name": "name",
          "type": "text",
          "primaryKey": false,
          "notNull": true
        },
        "body_style": {
          "name": "body_style",
          "type": "text",
          "primaryKey": false,
          "notNull": true
        },
        "engine_type": {
          "name": "engine_type",
          "type": "text",
          "primaryKey": false,
          "notNull": true
        },
        "transmission": {
          "name": "transmission",
          "type": "text",
          "primaryKey": false,
          "notNull": true
        },
        "seats": {
          "name": "seats",
          "type": "integer",
          "primaryKey": false,
          "notNull": true
        },
        "descriptions": {
          "name": "descriptions",
          "type": "text[]",
          "primaryKey": false,
          "notNull": true
        },
        "features": {
          "name": "features",
          "type": "text[]",
          "primaryKey": false,
          "notNull": true
        },
        "rating": {
          "name": "rating",
          "type": "numeric(2, 1)",
          "primaryKey": false,
          "notNull": true
        },
        "reviews": {
          "name": "reviews",
          "type": "integer",
          "primaryKey": false,
          "notNull": true
        },
        "unlimited_mileage": {
          "name": "unlimited_mileage",
          "type": "boolean",
          "primaryKey": false,
          "notNull": false
        },
        "image_url": {
          "name": "image_url",
          "type": "text",
          "primaryKey": false,
          "notNull": true
        },
        "retail_price_per_day": {
          "name": "retail_price_per_day",
          "type": "integer",
          "primaryKey": false,
          "notNull": true
        },
        "retail_price_currency": {
          "name": "retail_price_currency",
          "type": "text",
          "primaryKey": false,
          "notNull": true
        },
        "discounted_price_per_day": {
          "name": "discounted_price_per_day",
          "type": "integer",
          "primaryKey": false,
          "notNull": false
        },
        "discounted_price_currency": {
          "name": "discounted_price_currency",
          "type": "text",
          "primaryKey": false,
          "notNull": false
        }
      },
      "indexes": {},
      "foreignKeys": {},
      "compositePrimaryKeys": {},
      "uniqueConstraints": {
        "urban_wheels_cars_slug_unique": {
          "name": "urban_wheels_cars_slug_unique",
          "nullsNotDistinct": false,
          "columns": [
            "slug"
          ]
        }
      }
    },
    "urban_wheels_locations": {
      "name": "urban_wheels_locations",
      "schema": "",
      "columns": {
        "id": {
          "name": "id",
          "type": "uuid",
          "primaryKey": true,
          "notNull": true,
          "default": "gen_random_uuid()"
        },
        "name": {
          "name": "name",
          "type": "text",
          "primaryKey": false,
          "notNull": true
        },
        "value": {
          "name": "value",
          "type": "text",
          "primaryKey": false,
          "notNull": true
        },
        "latitude": {
          "name": "latitude",
          "type": "text",
          "primaryKey": false,
          "notNull": true
        },
        "longitude": {
          "name": "longitude",
          "type": "text",
          "primaryKey": false,
          "notNull": true
        },
        "featured": {
          "name": "featured",
          "type": "boolean",
          "primaryKey": false,
          "notNull": true,
          "default": false
        }
      },
      "indexes": {},
      "foreignKeys": {},
      "compositePrimaryKeys": {},
      "uniqueConstraints": {
        "urban_wheels_locations_value_unique": {
          "name": "urban_wheels_locations_value_unique",
          "nullsNotDistinct": false,
          "columns": [
            "value"
          ]
        }
      }
    },
    "urban_wheels_newsletter_subscribers": {
      "name": "urban_wheels_newsletter_subscribers",
      "schema": "",
      "columns": {
        "id": {
          "name": "id",
          "type": "uuid",
          "primaryKey": true,
          "notNull": true,
          "default": "gen_random_uuid()"
        },
        "email": {
          "name": "email",
          "type": "text",
          "primaryKey": false,
          "notNull": true
        },
        "created_at": {
          "name": "created_at",
          "type": "timestamp",
          "primaryKey": false,
          "notNull": false
        }
      },
      "indexes": {},
      "foreignKeys": {},
      "compositePrimaryKeys": {},
      "uniqueConstraints": {}
    },
    "urban_wheels_rental_reservations": {
      "name": "urban_wheels_rental_reservations",
      "schema": "",
      "columns": {
        "id": {
          "name": "id",
          "type": "uuid",
          "primaryKey": true,
          "notNull": true,
          "default": "gen_random_uuid()"
        },
        "car_id": {
          "name": "car_id",
          "type": "uuid",
          "primaryKey": false,
          "notNull": true
        },
        "user_id": {
          "name": "user_id",
          "type": "uuid",
          "primaryKey": false,
          "notNull": true
        },
        "location_id": {
          "name": "location_id",
          "type": "uuid",
          "primaryKey": false,
          "notNull": true
        },
        "check_in": {
          "name": "check_in",
          "type": "timestamp",
          "primaryKey": false,
          "notNull": true
        },
        "check_out": {
          "name": "check_out",
          "type": "timestamp",
          "primaryKey": false,
          "notNull": true
        },
        "created_at": {
          "name": "created_at",
          "type": "timestamp",
          "primaryKey": false,
          "notNull": true
        }
      },
      "indexes": {},
      "foreignKeys": {},
      "compositePrimaryKeys": {},
      "uniqueConstraints": {}
    },
    "urban_wheels_testimonials": {
      "name": "urban_wheels_testimonials",
      "schema": "",
      "columns": {
        "id": {
          "name": "id",
          "type": "uuid",
          "primaryKey": true,
          "notNull": true,
          "default": "gen_random_uuid()"
        },
        "name": {
          "name": "name",
          "type": "text",
          "primaryKey": false,
          "notNull": true
        },
        "comment": {
          "name": "comment",
          "type": "text",
          "primaryKey": false,
          "notNull": true
        },
        "username": {
          "name": "username",
          "type": "text",
          "primaryKey": false,
          "notNull": true
        },
        "image_url": {
          "name": "image_url",
          "type": "text",
          "primaryKey": false,
          "notNull": true
        }
      },
      "indexes": {},
      "foreignKeys": {},
      "compositePrimaryKeys": {},
      "uniqueConstraints": {}
    }
  },
  "enums": {},
  "schemas": {},
  "_meta": {
    "schemas": {},
    "tables": {},
    "columns": {}
  }
}